<?xml version="1.0" encoding="UTF-8" ?>
<module>
	<name>ybc_manufacturer</name>
	<displayName><![CDATA[YourBestCode manufacturers/brands block]]></displayName>
	<version><![CDATA[1.0.1]]></version>
	<description><![CDATA[Display list of manufacturers/brands on home page]]></description>
	<author><![CDATA[YourBestCode.com]]></author>
	<tab><![CDATA[front_office_features]]></tab>
	<is_configurable>1</is_configurable>
	<need_instance>0</need_instance>
	<limited_countries></limited_countries>
</module>